{
    "loss": 16.391817092895508,
    "accuracy": 0.5179855823516846
}