{
    "loss": 8.256942749023438,
    "accuracy": 0.5035971403121948
}