{
    "loss": 93.17919921875,
    "accuracy": 0.5035971403121948
}